"Id","Category"
1,"very happy"
2,"pretty happy"
3,"pretty happy"
4,"very happy"
5,"pretty happy"
6,"very happy"
7,"pretty happy"
8,"pretty happy"
9,"pretty happy"
10,"pretty happy"
11,"pretty happy"
12,"pretty happy"
13,"very happy"
14,"very happy"
15,"very happy"
16,"pretty happy"
17,"very happy"
18,"pretty happy"
19,"pretty happy"
20,"pretty happy"
21,"very happy"
22,"pretty happy"
23,"pretty happy"
24,"pretty happy"
25,"pretty happy"
26,"pretty happy"
27,"very happy"
28,"pretty happy"
29,"pretty happy"
30,"pretty happy"
31,"pretty happy"
32,"pretty happy"
33,"pretty happy"
34,"pretty happy"
35,"pretty happy"
36,"pretty happy"
37,"pretty happy"
38,"pretty happy"
39,"pretty happy"
40,"pretty happy"
41,"very happy"
42,"pretty happy"
43,"pretty happy"
44,"very happy"
45,"pretty happy"
46,"very happy"
47,"pretty happy"
48,"pretty happy"
49,"pretty happy"
50,"pretty happy"
51,"pretty happy"
52,"very happy"
53,"pretty happy"
54,"very happy"
55,"very happy"
56,"pretty happy"
57,"pretty happy"
58,"pretty happy"
59,"pretty happy"
60,"very happy"
61,"very happy"
62,"pretty happy"
63,"very happy"
64,"very happy"
65,"very happy"
66,"pretty happy"
67,"pretty happy"
68,"very happy"
69,"very happy"
70,"pretty happy"
71,"very happy"
72,"very happy"
73,"pretty happy"
74,"pretty happy"
75,"pretty happy"
76,"pretty happy"
77,"pretty happy"
78,"pretty happy"
79,"very happy"
80,"pretty happy"
81,"pretty happy"
82,"very happy"
83,"pretty happy"
84,"very happy"
85,"pretty happy"
86,"pretty happy"
87,"pretty happy"
88,"pretty happy"
89,"very happy"
90,"pretty happy"
91,"pretty happy"
92,"very happy"
93,"pretty happy"
94,"pretty happy"
95,"pretty happy"
96,"pretty happy"
97,"pretty happy"
98,"pretty happy"
99,"pretty happy"
100,"very happy"
101,"pretty happy"
102,"very happy"
103,"very happy"
104,"very happy"
105,"pretty happy"
106,"very happy"
107,"very happy"
108,"pretty happy"
109,"pretty happy"
110,"very happy"
111,"very happy"
112,"very happy"
113,"pretty happy"
114,"pretty happy"
115,"pretty happy"
116,"pretty happy"
117,"pretty happy"
118,"pretty happy"
119,"pretty happy"
120,"pretty happy"
121,"very happy"
122,"pretty happy"
123,"pretty happy"
124,"pretty happy"
125,"pretty happy"
126,"pretty happy"
127,"very happy"
128,"pretty happy"
129,"pretty happy"
130,"very happy"
131,"pretty happy"
132,"pretty happy"
133,"pretty happy"
134,"pretty happy"
135,"very happy"
136,"pretty happy"
137,"pretty happy"
138,"very happy"
139,"pretty happy"
140,"pretty happy"
141,"pretty happy"
142,"pretty happy"
143,"very happy"
144,"pretty happy"
145,"very happy"
146,"pretty happy"
147,"pretty happy"
148,"pretty happy"
149,"very happy"
150,"very happy"
151,"pretty happy"
152,"pretty happy"
153,"pretty happy"
154,"very happy"
155,"pretty happy"
156,"pretty happy"
157,"very happy"
158,"pretty happy"
159,"pretty happy"
160,"pretty happy"
161,"very happy"
162,"pretty happy"
163,"pretty happy"
164,"pretty happy"
165,"pretty happy"
166,"pretty happy"
167,"pretty happy"
168,"very happy"
169,"very happy"
170,"pretty happy"
171,"pretty happy"
172,"pretty happy"
173,"pretty happy"
174,"pretty happy"
175,"pretty happy"
176,"pretty happy"
177,"very happy"
178,"very happy"
179,"pretty happy"
180,"pretty happy"
181,"very happy"
182,"pretty happy"
183,"pretty happy"
184,"very happy"
185,"pretty happy"
186,"pretty happy"
187,"pretty happy"
188,"pretty happy"
189,"pretty happy"
190,"very happy"
191,"very happy"
192,"pretty happy"
193,"pretty happy"
194,"very happy"
195,"pretty happy"
196,"pretty happy"
197,"very happy"
198,"very happy"
199,"very happy"
200,"pretty happy"
201,"pretty happy"
202,"very happy"
203,"pretty happy"
204,"pretty happy"
205,"pretty happy"
206,"pretty happy"
207,"very happy"
208,"pretty happy"
209,"pretty happy"
210,"pretty happy"
211,"very happy"
212,"very happy"
213,"pretty happy"
214,"pretty happy"
215,"pretty happy"
216,"very happy"
217,"pretty happy"
218,"pretty happy"
219,"pretty happy"
220,"pretty happy"
221,"pretty happy"
222,"pretty happy"
223,"pretty happy"
224,"pretty happy"
225,"pretty happy"
226,"pretty happy"
227,"pretty happy"
228,"pretty happy"
229,"pretty happy"
230,"pretty happy"
231,"very happy"
232,"very happy"
233,"very happy"
234,"very happy"
235,"very happy"
236,"pretty happy"
237,"pretty happy"
238,"very happy"
239,"pretty happy"
240,"pretty happy"
241,"pretty happy"
242,"pretty happy"
243,"pretty happy"
244,"pretty happy"
245,"very happy"
246,"pretty happy"
247,"very happy"
248,"pretty happy"
249,"pretty happy"
250,"pretty happy"
251,"pretty happy"
252,"pretty happy"
253,"very happy"
254,"pretty happy"
255,"pretty happy"
256,"pretty happy"
257,"pretty happy"
258,"pretty happy"
259,"pretty happy"
260,"very happy"
261,"pretty happy"
262,"very happy"
263,"very happy"
264,"pretty happy"
265,"pretty happy"
266,"pretty happy"
267,"pretty happy"
268,"pretty happy"
269,"pretty happy"
270,"pretty happy"
271,"pretty happy"
272,"pretty happy"
273,"pretty happy"
274,"pretty happy"
275,"pretty happy"
276,"pretty happy"
277,"pretty happy"
278,"pretty happy"
279,"pretty happy"
280,"pretty happy"
281,"pretty happy"
282,"pretty happy"
283,"very happy"
284,"very happy"
285,"very happy"
286,"very happy"
287,"pretty happy"
288,"very happy"
289,"pretty happy"
290,"pretty happy"
291,"pretty happy"
292,"pretty happy"
293,"pretty happy"
294,"very happy"
295,"very happy"
296,"pretty happy"
297,"very happy"
298,"pretty happy"
299,"very happy"
300,"very happy"
301,"very happy"
302,"pretty happy"
303,"very happy"
304,"pretty happy"
305,"very happy"
306,"pretty happy"
307,"pretty happy"
308,"very happy"
309,"pretty happy"
310,"pretty happy"
311,"pretty happy"
312,"very happy"
313,"pretty happy"
314,"pretty happy"
315,"pretty happy"
316,"very happy"
317,"pretty happy"
318,"pretty happy"
319,"pretty happy"
320,"pretty happy"
321,"very happy"
322,"pretty happy"
323,"pretty happy"
324,"very happy"
325,"pretty happy"
326,"pretty happy"
327,"pretty happy"
328,"very happy"
329,"pretty happy"
330,"pretty happy"
331,"pretty happy"
332,"pretty happy"
333,"pretty happy"
334,"pretty happy"
335,"very happy"
336,"very happy"
337,"pretty happy"
338,"pretty happy"
339,"pretty happy"
340,"pretty happy"
341,"very happy"
342,"very happy"
343,"very happy"
344,"pretty happy"
345,"pretty happy"
346,"very happy"
347,"pretty happy"
348,"pretty happy"
349,"very happy"
350,"pretty happy"
351,"pretty happy"
352,"very happy"
353,"pretty happy"
354,"pretty happy"
355,"pretty happy"
356,"very happy"
357,"pretty happy"
358,"pretty happy"
359,"pretty happy"
360,"pretty happy"
361,"very happy"
362,"pretty happy"
363,"pretty happy"
364,"pretty happy"
365,"pretty happy"
366,"very happy"
367,"very happy"
368,"very happy"
369,"pretty happy"
370,"pretty happy"
371,"pretty happy"
372,"pretty happy"
373,"very happy"
374,"pretty happy"
375,"pretty happy"
376,"pretty happy"
377,"pretty happy"
378,"pretty happy"
379,"pretty happy"
380,"very happy"
381,"pretty happy"
382,"very happy"
383,"pretty happy"
384,"very happy"
385,"pretty happy"
386,"very happy"
387,"pretty happy"
388,"pretty happy"
389,"very happy"
390,"pretty happy"
391,"pretty happy"
392,"pretty happy"
393,"pretty happy"
394,"very happy"
395,"very happy"
396,"very happy"
397,"very happy"
398,"very happy"
399,"pretty happy"
400,"very happy"
401,"pretty happy"
402,"pretty happy"
403,"pretty happy"
404,"pretty happy"
405,"pretty happy"
406,"pretty happy"
407,"pretty happy"
408,"pretty happy"
409,"pretty happy"
410,"pretty happy"
411,"very happy"
412,"pretty happy"
413,"very happy"
414,"pretty happy"
415,"very happy"
416,"pretty happy"
417,"pretty happy"
418,"pretty happy"
419,"pretty happy"
420,"pretty happy"
421,"pretty happy"
422,"pretty happy"
423,"pretty happy"
424,"very happy"
425,"pretty happy"
426,"pretty happy"
427,"pretty happy"
428,"very happy"
429,"pretty happy"
430,"pretty happy"
431,"pretty happy"
432,"very happy"
433,"very happy"
434,"pretty happy"
435,"very happy"
436,"pretty happy"
437,"pretty happy"
438,"pretty happy"
439,"pretty happy"
440,"pretty happy"
441,"pretty happy"
442,"pretty happy"
443,"pretty happy"
444,"pretty happy"
445,"pretty happy"
446,"very happy"
447,"pretty happy"
448,"very happy"
449,"very happy"
450,"very happy"
451,"pretty happy"
452,"pretty happy"
453,"pretty happy"
454,"pretty happy"
455,"pretty happy"
456,"very happy"
457,"pretty happy"
458,"very happy"
459,"pretty happy"
460,"pretty happy"
461,"pretty happy"
462,"pretty happy"
463,"pretty happy"
464,"pretty happy"
465,"pretty happy"
466,"very happy"
467,"pretty happy"
468,"pretty happy"
469,"pretty happy"
470,"pretty happy"
471,"very happy"
472,"very happy"
473,"very happy"
474,"pretty happy"
475,"very happy"
476,"pretty happy"
477,"pretty happy"
478,"pretty happy"
479,"pretty happy"
480,"pretty happy"
481,"very happy"
482,"pretty happy"
483,"pretty happy"
484,"pretty happy"
485,"pretty happy"
486,"very happy"
487,"very happy"
488,"pretty happy"
489,"very happy"
490,"pretty happy"
491,"very happy"
492,"pretty happy"
493,"pretty happy"
494,"pretty happy"
495,"very happy"
496,"pretty happy"
497,"pretty happy"
498,"pretty happy"
499,"very happy"
500,"pretty happy"
501,"very happy"
502,"pretty happy"
503,"pretty happy"
504,"pretty happy"
505,"pretty happy"
506,"pretty happy"
507,"pretty happy"
508,"very happy"
509,"pretty happy"
510,"pretty happy"
511,"very happy"
512,"pretty happy"
513,"very happy"
514,"very happy"
515,"very happy"
516,"pretty happy"
517,"very happy"
518,"pretty happy"
519,"pretty happy"
520,"pretty happy"
521,"pretty happy"
522,"very happy"
523,"pretty happy"
524,"pretty happy"
525,"very happy"
526,"pretty happy"
527,"pretty happy"
528,"pretty happy"
529,"very happy"
530,"pretty happy"
531,"pretty happy"
532,"pretty happy"
533,"pretty happy"
534,"pretty happy"
535,"pretty happy"
536,"pretty happy"
537,"pretty happy"
538,"pretty happy"
539,"pretty happy"
540,"pretty happy"
541,"very happy"
542,"pretty happy"
543,"pretty happy"
544,"pretty happy"
545,"very happy"
546,"pretty happy"
547,"pretty happy"
548,"pretty happy"
549,"pretty happy"
550,"pretty happy"
551,"pretty happy"
552,"pretty happy"
553,"pretty happy"
554,"pretty happy"
555,"pretty happy"
556,"pretty happy"
557,"pretty happy"
558,"pretty happy"
559,"pretty happy"
560,"pretty happy"
561,"pretty happy"
562,"pretty happy"
563,"pretty happy"
564,"very happy"
565,"pretty happy"
566,"pretty happy"
567,"pretty happy"
568,"pretty happy"
569,"pretty happy"
570,"pretty happy"
571,"pretty happy"
572,"pretty happy"
573,"very happy"
574,"very happy"
575,"pretty happy"
576,"pretty happy"
577,"pretty happy"
578,"pretty happy"
579,"very happy"
580,"pretty happy"
581,"pretty happy"
582,"pretty happy"
583,"pretty happy"
584,"pretty happy"
585,"pretty happy"
586,"pretty happy"
587,"pretty happy"
588,"very happy"
589,"pretty happy"
590,"pretty happy"
591,"pretty happy"
592,"very happy"
593,"very happy"
594,"very happy"
595,"pretty happy"
596,"very happy"
597,"pretty happy"
598,"pretty happy"
599,"very happy"
600,"pretty happy"
601,"pretty happy"
602,"pretty happy"
603,"pretty happy"
604,"very happy"
605,"pretty happy"
606,"pretty happy"
607,"very happy"
608,"pretty happy"
609,"pretty happy"
610,"very happy"
611,"pretty happy"
612,"very happy"
613,"very happy"
614,"pretty happy"
615,"pretty happy"
616,"pretty happy"
617,"very happy"
618,"pretty happy"
619,"pretty happy"
620,"pretty happy"
621,"very happy"
622,"pretty happy"
623,"pretty happy"
624,"pretty happy"
625,"very happy"
626,"pretty happy"
627,"very happy"
628,"pretty happy"
629,"very happy"
630,"pretty happy"
631,"pretty happy"
632,"pretty happy"
633,"very happy"
634,"pretty happy"
635,"pretty happy"
636,"pretty happy"
637,"pretty happy"
638,"pretty happy"
639,"pretty happy"
640,"pretty happy"
641,"very happy"
642,"very happy"
643,"very happy"
644,"pretty happy"
645,"pretty happy"
646,"pretty happy"
647,"pretty happy"
648,"very happy"
649,"very happy"
650,"pretty happy"
651,"pretty happy"
652,"pretty happy"
653,"pretty happy"
654,"pretty happy"
655,"pretty happy"
656,"pretty happy"
657,"very happy"
658,"pretty happy"
659,"pretty happy"
660,"pretty happy"
661,"very happy"
662,"pretty happy"
663,"pretty happy"
664,"pretty happy"
665,"very happy"
666,"pretty happy"
667,"very happy"
668,"pretty happy"
669,"very happy"
670,"very happy"
671,"pretty happy"
672,"very happy"
673,"pretty happy"
674,"pretty happy"
675,"pretty happy"
676,"pretty happy"
677,"pretty happy"
678,"pretty happy"
679,"pretty happy"
680,"very happy"
681,"pretty happy"
682,"very happy"
683,"pretty happy"
684,"pretty happy"
685,"very happy"
686,"pretty happy"
687,"very happy"
688,"very happy"
689,"pretty happy"
690,"pretty happy"
691,"pretty happy"
692,"pretty happy"
693,"very happy"
694,"pretty happy"
695,"very happy"
696,"very happy"
697,"very happy"
698,"pretty happy"
699,"very happy"
700,"pretty happy"
701,"pretty happy"
702,"pretty happy"
703,"pretty happy"
704,"very happy"
705,"pretty happy"
706,"pretty happy"
707,"very happy"
708,"very happy"
709,"very happy"
710,"pretty happy"
711,"very happy"
712,"pretty happy"
713,"very happy"
714,"very happy"
715,"very happy"
716,"pretty happy"
717,"pretty happy"
718,"very happy"
719,"pretty happy"
720,"very happy"
721,"pretty happy"
722,"pretty happy"
723,"very happy"
724,"very happy"
725,"pretty happy"
726,"pretty happy"
727,"pretty happy"
728,"pretty happy"
729,"pretty happy"
730,"pretty happy"
731,"very happy"
732,"pretty happy"
733,"very happy"
734,"very happy"
735,"pretty happy"
736,"pretty happy"
737,"pretty happy"
738,"pretty happy"
739,"pretty happy"
740,"pretty happy"
741,"pretty happy"
742,"pretty happy"
743,"pretty happy"
744,"pretty happy"
745,"pretty happy"
746,"pretty happy"
747,"pretty happy"
748,"pretty happy"
749,"pretty happy"
750,"pretty happy"
751,"pretty happy"
752,"pretty happy"
753,"pretty happy"
754,"pretty happy"
755,"very happy"
756,"pretty happy"
757,"pretty happy"
758,"pretty happy"
759,"very happy"
760,"pretty happy"
761,"pretty happy"
762,"very happy"
763,"pretty happy"
764,"pretty happy"
765,"pretty happy"
766,"very happy"
767,"pretty happy"
768,"very happy"
769,"very happy"
770,"pretty happy"
771,"pretty happy"
772,"very happy"
773,"pretty happy"
774,"very happy"
775,"very happy"
776,"pretty happy"
777,"pretty happy"
778,"pretty happy"
779,"very happy"
780,"very happy"
781,"pretty happy"
782,"very happy"
783,"pretty happy"
784,"pretty happy"
785,"pretty happy"
786,"very happy"
787,"pretty happy"
788,"pretty happy"
789,"very happy"
790,"very happy"
791,"pretty happy"
792,"pretty happy"
793,"pretty happy"
794,"pretty happy"
795,"very happy"
796,"pretty happy"
797,"pretty happy"
798,"pretty happy"
799,"pretty happy"
800,"pretty happy"
801,"pretty happy"
802,"pretty happy"
803,"pretty happy"
804,"pretty happy"
805,"very happy"
806,"pretty happy"
807,"pretty happy"
808,"very happy"
809,"pretty happy"
810,"pretty happy"
811,"pretty happy"
812,"pretty happy"
813,"very happy"
814,"very happy"
815,"pretty happy"
816,"pretty happy"
817,"pretty happy"
818,"very happy"
819,"pretty happy"
820,"pretty happy"
821,"pretty happy"
822,"pretty happy"
823,"very happy"
824,"pretty happy"
825,"pretty happy"
826,"pretty happy"
827,"pretty happy"
828,"pretty happy"
829,"very happy"
830,"pretty happy"
831,"pretty happy"
832,"pretty happy"
833,"pretty happy"
834,"very happy"
835,"very happy"
836,"pretty happy"
837,"pretty happy"
838,"pretty happy"
839,"very happy"
840,"pretty happy"
841,"pretty happy"
842,"pretty happy"
843,"pretty happy"
844,"pretty happy"
845,"very happy"
846,"pretty happy"
847,"pretty happy"
848,"pretty happy"
849,"very happy"
850,"pretty happy"
851,"very happy"
852,"pretty happy"
853,"pretty happy"
854,"pretty happy"
855,"very happy"
856,"very happy"
857,"pretty happy"
858,"pretty happy"
859,"very happy"
860,"pretty happy"
861,"pretty happy"
862,"pretty happy"
863,"pretty happy"
864,"pretty happy"
865,"pretty happy"
866,"pretty happy"
867,"pretty happy"
868,"pretty happy"
869,"pretty happy"
870,"pretty happy"
871,"pretty happy"
872,"pretty happy"
873,"very happy"
874,"pretty happy"
875,"pretty happy"
876,"very happy"
877,"pretty happy"
878,"pretty happy"
879,"very happy"
880,"very happy"
881,"pretty happy"
882,"very happy"
883,"pretty happy"
884,"pretty happy"
885,"pretty happy"
886,"very happy"
887,"pretty happy"
888,"pretty happy"
889,"very happy"
890,"very happy"
891,"pretty happy"
892,"pretty happy"
893,"pretty happy"
894,"pretty happy"
895,"very happy"
896,"pretty happy"
897,"pretty happy"
898,"very happy"
899,"pretty happy"
900,"very happy"
901,"pretty happy"
902,"pretty happy"
903,"pretty happy"
904,"very happy"
905,"pretty happy"
906,"pretty happy"
907,"pretty happy"
908,"very happy"
909,"pretty happy"
910,"very happy"
911,"very happy"
912,"very happy"
913,"pretty happy"
914,"pretty happy"
915,"pretty happy"
916,"pretty happy"
917,"very happy"
918,"pretty happy"
919,"pretty happy"
920,"very happy"
921,"very happy"
922,"very happy"
923,"pretty happy"
924,"pretty happy"
925,"pretty happy"
926,"pretty happy"
927,"pretty happy"
928,"pretty happy"
929,"very happy"
930,"pretty happy"
931,"pretty happy"
932,"pretty happy"
933,"very happy"
934,"pretty happy"
935,"pretty happy"
936,"very happy"
937,"very happy"
938,"pretty happy"
939,"pretty happy"
940,"pretty happy"
941,"pretty happy"
942,"pretty happy"
943,"pretty happy"
944,"very happy"
945,"pretty happy"
946,"very happy"
947,"very happy"
948,"very happy"
949,"very happy"
950,"pretty happy"
951,"pretty happy"
952,"pretty happy"
953,"pretty happy"
954,"pretty happy"
955,"very happy"
956,"pretty happy"
957,"pretty happy"
958,"very happy"
959,"pretty happy"
960,"very happy"
961,"pretty happy"
962,"pretty happy"
963,"very happy"
964,"pretty happy"
965,"very happy"
966,"pretty happy"
967,"very happy"
968,"very happy"
969,"pretty happy"
970,"pretty happy"
971,"pretty happy"
972,"pretty happy"
973,"pretty happy"
974,"pretty happy"
975,"pretty happy"
976,"very happy"
977,"pretty happy"
978,"pretty happy"
979,"pretty happy"
980,"pretty happy"
981,"pretty happy"
982,"pretty happy"
983,"very happy"
984,"pretty happy"
985,"pretty happy"
986,"pretty happy"
987,"pretty happy"
988,"pretty happy"
989,"very happy"
990,"pretty happy"
991,"very happy"
992,"pretty happy"
993,"very happy"
994,"pretty happy"
995,"pretty happy"
996,"pretty happy"
997,"pretty happy"
998,"pretty happy"
999,"pretty happy"
1000,"very happy"
1001,"pretty happy"
1002,"pretty happy"
1003,"very happy"
1004,"pretty happy"
1005,"pretty happy"
1006,"very happy"
1007,"pretty happy"
1008,"very happy"
1009,"pretty happy"
1010,"pretty happy"
1011,"pretty happy"
1012,"pretty happy"
1013,"very happy"
1014,"very happy"
1015,"pretty happy"
1016,"pretty happy"
1017,"very happy"
1018,"pretty happy"
1019,"pretty happy"
1020,"very happy"
1021,"pretty happy"
1022,"very happy"
1023,"pretty happy"
1024,"pretty happy"
1025,"pretty happy"
1026,"very happy"
1027,"very happy"
1028,"very happy"
1029,"pretty happy"
1030,"pretty happy"
1031,"pretty happy"
1032,"very happy"
1033,"very happy"
1034,"very happy"
1035,"pretty happy"
1036,"pretty happy"
1037,"pretty happy"
1038,"very happy"
1039,"pretty happy"
1040,"pretty happy"
1041,"pretty happy"
1042,"very happy"
1043,"very happy"
1044,"pretty happy"
1045,"pretty happy"
1046,"very happy"
1047,"very happy"
1048,"very happy"
1049,"pretty happy"
1050,"pretty happy"
1051,"very happy"
1052,"very happy"
1053,"pretty happy"
1054,"pretty happy"
1055,"very happy"
1056,"pretty happy"
1057,"pretty happy"
1058,"pretty happy"
1059,"very happy"
1060,"pretty happy"
1061,"very happy"
1062,"pretty happy"
1063,"very happy"
1064,"very happy"
1065,"pretty happy"
1066,"pretty happy"
1067,"pretty happy"
1068,"pretty happy"
1069,"pretty happy"
1070,"pretty happy"
1071,"very happy"
1072,"pretty happy"
1073,"very happy"
1074,"very happy"
1075,"pretty happy"
1076,"pretty happy"
1077,"pretty happy"
1078,"pretty happy"
1079,"pretty happy"
1080,"pretty happy"
1081,"pretty happy"
1082,"pretty happy"
1083,"pretty happy"
1084,"pretty happy"
1085,"pretty happy"
1086,"pretty happy"
1087,"very happy"
1088,"pretty happy"
1089,"very happy"
1090,"pretty happy"
1091,"pretty happy"
1092,"pretty happy"
1093,"pretty happy"
1094,"very happy"
1095,"pretty happy"
1096,"pretty happy"
1097,"very happy"
1098,"very happy"
1099,"very happy"
1100,"pretty happy"
1101,"pretty happy"
1102,"pretty happy"
1103,"pretty happy"
1104,"very happy"
1105,"pretty happy"
1106,"very happy"
1107,"very happy"
1108,"very happy"
1109,"pretty happy"
1110,"pretty happy"
1111,"very happy"
1112,"pretty happy"
1113,"pretty happy"
1114,"very happy"
1115,"pretty happy"
1116,"pretty happy"
1117,"very happy"
1118,"very happy"
1119,"pretty happy"
1120,"pretty happy"
1121,"pretty happy"
1122,"pretty happy"
1123,"pretty happy"
1124,"very happy"
1125,"pretty happy"
1126,"very happy"
1127,"very happy"
1128,"pretty happy"
1129,"pretty happy"
1130,"pretty happy"
1131,"very happy"
1132,"pretty happy"
1133,"pretty happy"
1134,"pretty happy"
1135,"very happy"
1136,"very happy"
1137,"pretty happy"
1138,"very happy"
1139,"very happy"
1140,"very happy"
1141,"pretty happy"
1142,"pretty happy"
1143,"pretty happy"
1144,"pretty happy"
1145,"very happy"
1146,"pretty happy"
1147,"very happy"
1148,"pretty happy"
1149,"very happy"
1150,"pretty happy"
1151,"pretty happy"
1152,"pretty happy"
1153,"pretty happy"
1154,"pretty happy"
1155,"pretty happy"
1156,"pretty happy"
1157,"very happy"
1158,"very happy"
1159,"pretty happy"
1160,"pretty happy"
1161,"pretty happy"
1162,"pretty happy"
1163,"very happy"
1164,"pretty happy"
1165,"pretty happy"
1166,"pretty happy"
1167,"pretty happy"
1168,"pretty happy"
1169,"very happy"
1170,"pretty happy"
1171,"pretty happy"
1172,"pretty happy"
1173,"very happy"
1174,"pretty happy"
1175,"pretty happy"
1176,"very happy"
1177,"pretty happy"
1178,"pretty happy"
1179,"pretty happy"
1180,"pretty happy"
1181,"pretty happy"
1182,"very happy"
1183,"pretty happy"
1184,"pretty happy"
1185,"very happy"
1186,"pretty happy"
1187,"pretty happy"
1188,"very happy"
1189,"pretty happy"
1190,"pretty happy"
1191,"pretty happy"
1192,"very happy"
1193,"pretty happy"
1194,"very happy"
1195,"very happy"
1196,"pretty happy"
1197,"pretty happy"
1198,"very happy"
1199,"pretty happy"
1200,"pretty happy"
1201,"pretty happy"
1202,"pretty happy"
1203,"pretty happy"
1204,"pretty happy"
1205,"pretty happy"
1206,"pretty happy"
1207,"pretty happy"
1208,"very happy"
1209,"pretty happy"
1210,"pretty happy"
1211,"very happy"
1212,"very happy"
1213,"pretty happy"
1214,"very happy"
1215,"pretty happy"
1216,"pretty happy"
1217,"pretty happy"
1218,"pretty happy"
1219,"pretty happy"
1220,"pretty happy"
1221,"pretty happy"
1222,"pretty happy"
1223,"pretty happy"
1224,"pretty happy"
1225,"pretty happy"
1226,"pretty happy"
1227,"pretty happy"
1228,"pretty happy"
1229,"pretty happy"
1230,"pretty happy"
1231,"pretty happy"
1232,"pretty happy"
1233,"pretty happy"
1234,"pretty happy"
1235,"pretty happy"
1236,"very happy"
1237,"pretty happy"
1238,"pretty happy"
1239,"pretty happy"
1240,"pretty happy"
1241,"pretty happy"
1242,"pretty happy"
1243,"pretty happy"
1244,"pretty happy"
1245,"pretty happy"
1246,"pretty happy"
1247,"pretty happy"
1248,"pretty happy"
1249,"pretty happy"
1250,"very happy"
1251,"pretty happy"
1252,"pretty happy"
1253,"pretty happy"
1254,"pretty happy"
1255,"pretty happy"
1256,"pretty happy"
1257,"pretty happy"
1258,"pretty happy"
1259,"pretty happy"
1260,"very happy"
1261,"pretty happy"
1262,"pretty happy"
1263,"very happy"
1264,"pretty happy"
1265,"very happy"
1266,"pretty happy"
1267,"pretty happy"
1268,"very happy"
1269,"pretty happy"
1270,"pretty happy"
1271,"very happy"
1272,"very happy"
1273,"very happy"
1274,"pretty happy"
1275,"very happy"
1276,"pretty happy"
1277,"pretty happy"
1278,"very happy"
1279,"pretty happy"
1280,"pretty happy"
1281,"pretty happy"
1282,"pretty happy"
1283,"pretty happy"
1284,"very happy"
1285,"very happy"
1286,"pretty happy"
1287,"pretty happy"
1288,"pretty happy"
1289,"very happy"
1290,"pretty happy"
1291,"pretty happy"
1292,"pretty happy"
1293,"pretty happy"
1294,"pretty happy"
1295,"pretty happy"
1296,"pretty happy"
1297,"very happy"
1298,"pretty happy"
1299,"pretty happy"
1300,"very happy"
1301,"pretty happy"
1302,"pretty happy"
1303,"very happy"
1304,"very happy"
1305,"very happy"
1306,"pretty happy"
1307,"very happy"
1308,"very happy"
1309,"very happy"
1310,"pretty happy"
1311,"pretty happy"
1312,"pretty happy"
1313,"pretty happy"
1314,"pretty happy"
1315,"pretty happy"
1316,"pretty happy"
1317,"pretty happy"
1318,"pretty happy"
1319,"very happy"
1320,"very happy"
1321,"pretty happy"
1322,"very happy"
1323,"pretty happy"
1324,"very happy"
1325,"very happy"
1326,"pretty happy"
1327,"very happy"
1328,"very happy"
1329,"very happy"
1330,"pretty happy"
1331,"very happy"
1332,"pretty happy"
1333,"very happy"
1334,"pretty happy"
1335,"pretty happy"
1336,"pretty happy"
1337,"very happy"
1338,"pretty happy"
1339,"pretty happy"
1340,"very happy"
1341,"pretty happy"
1342,"pretty happy"
1343,"very happy"
1344,"pretty happy"
1345,"very happy"
1346,"very happy"
1347,"very happy"
1348,"pretty happy"
1349,"pretty happy"
1350,"pretty happy"
1351,"pretty happy"
1352,"pretty happy"
1353,"pretty happy"
1354,"very happy"
1355,"very happy"
1356,"very happy"
1357,"pretty happy"
1358,"pretty happy"
1359,"pretty happy"
1360,"pretty happy"
1361,"pretty happy"
1362,"pretty happy"
1363,"pretty happy"
1364,"pretty happy"
1365,"pretty happy"
1366,"pretty happy"
1367,"very happy"
1368,"pretty happy"
1369,"pretty happy"
1370,"pretty happy"
1371,"pretty happy"
1372,"pretty happy"
1373,"very happy"
1374,"very happy"
1375,"pretty happy"
1376,"pretty happy"
1377,"very happy"
1378,"very happy"
1379,"pretty happy"
1380,"very happy"
1381,"pretty happy"
1382,"pretty happy"
1383,"pretty happy"
1384,"pretty happy"
1385,"pretty happy"
1386,"pretty happy"
1387,"pretty happy"
1388,"pretty happy"
1389,"pretty happy"
1390,"pretty happy"
1391,"pretty happy"
1392,"pretty happy"
1393,"very happy"
1394,"very happy"
1395,"pretty happy"
1396,"pretty happy"
1397,"pretty happy"
1398,"pretty happy"
1399,"pretty happy"
1400,"pretty happy"
1401,"pretty happy"
1402,"pretty happy"
1403,"pretty happy"
1404,"pretty happy"
1405,"pretty happy"
1406,"pretty happy"
1407,"very happy"
1408,"pretty happy"
1409,"very happy"
1410,"pretty happy"
1411,"very happy"
1412,"very happy"
1413,"very happy"
1414,"pretty happy"
1415,"pretty happy"
1416,"pretty happy"
1417,"very happy"
1418,"very happy"
1419,"very happy"
1420,"very happy"
1421,"very happy"
1422,"very happy"
1423,"very happy"
1424,"pretty happy"
1425,"pretty happy"
1426,"very happy"
1427,"very happy"
1428,"pretty happy"
1429,"pretty happy"
1430,"very happy"
1431,"pretty happy"
1432,"pretty happy"
1433,"pretty happy"
1434,"pretty happy"
1435,"very happy"
1436,"very happy"
1437,"very happy"
1438,"pretty happy"
1439,"pretty happy"
1440,"very happy"
1441,"very happy"
1442,"very happy"
1443,"pretty happy"
1444,"pretty happy"
1445,"very happy"
1446,"pretty happy"
1447,"pretty happy"
1448,"very happy"
1449,"very happy"
1450,"very happy"
1451,"pretty happy"
1452,"very happy"
1453,"pretty happy"
1454,"very happy"
1455,"pretty happy"
1456,"very happy"
1457,"pretty happy"
1458,"pretty happy"
1459,"very happy"
1460,"pretty happy"
1461,"pretty happy"
1462,"pretty happy"
1463,"pretty happy"
1464,"pretty happy"
1465,"pretty happy"
1466,"very happy"
1467,"very happy"
1468,"pretty happy"
1469,"very happy"
1470,"pretty happy"
1471,"very happy"
1472,"pretty happy"
1473,"pretty happy"
1474,"pretty happy"
1475,"very happy"
1476,"very happy"
1477,"pretty happy"
1478,"pretty happy"
1479,"pretty happy"
1480,"pretty happy"
1481,"pretty happy"
1482,"pretty happy"
1483,"pretty happy"
1484,"pretty happy"
1485,"pretty happy"
1486,"pretty happy"
1487,"very happy"
1488,"pretty happy"
1489,"very happy"
1490,"pretty happy"
1491,"pretty happy"
1492,"pretty happy"
1493,"pretty happy"
1494,"very happy"
1495,"very happy"
1496,"pretty happy"
1497,"pretty happy"
1498,"pretty happy"
1499,"very happy"
1500,"pretty happy"
1501,"very happy"
1502,"pretty happy"
1503,"pretty happy"
1504,"pretty happy"
1505,"pretty happy"
1506,"very happy"
1507,"pretty happy"
1508,"very happy"
1509,"pretty happy"
1510,"pretty happy"
1511,"pretty happy"
1512,"pretty happy"
1513,"very happy"
1514,"pretty happy"
1515,"pretty happy"
1516,"pretty happy"
1517,"pretty happy"
1518,"very happy"
1519,"pretty happy"
1520,"very happy"
1521,"very happy"
1522,"pretty happy"
1523,"pretty happy"
1524,"pretty happy"
1525,"pretty happy"
1526,"pretty happy"
1527,"pretty happy"
1528,"pretty happy"
1529,"pretty happy"
1530,"pretty happy"
1531,"very happy"
1532,"pretty happy"
1533,"pretty happy"
1534,"pretty happy"
1535,"pretty happy"
1536,"pretty happy"
1537,"pretty happy"
1538,"very happy"
1539,"very happy"
1540,"very happy"
1541,"very happy"
1542,"very happy"
1543,"very happy"
1544,"very happy"
1545,"very happy"
1546,"pretty happy"
1547,"pretty happy"
1548,"pretty happy"
1549,"pretty happy"
1550,"very happy"
1551,"pretty happy"
1552,"pretty happy"
1553,"pretty happy"
1554,"pretty happy"
1555,"very happy"
1556,"very happy"
1557,"pretty happy"
1558,"pretty happy"
1559,"pretty happy"
1560,"very happy"
1561,"pretty happy"
1562,"very happy"
1563,"pretty happy"
1564,"pretty happy"
1565,"pretty happy"
1566,"pretty happy"
1567,"pretty happy"
1568,"very happy"
1569,"pretty happy"
1570,"pretty happy"
1571,"pretty happy"
1572,"pretty happy"
1573,"very happy"
1574,"very happy"
1575,"very happy"
1576,"pretty happy"
1577,"pretty happy"
1578,"pretty happy"
1579,"pretty happy"
1580,"pretty happy"
1581,"pretty happy"
1582,"very happy"
1583,"pretty happy"
1584,"very happy"
1585,"pretty happy"
1586,"pretty happy"
1587,"very happy"
1588,"very happy"
1589,"pretty happy"
1590,"very happy"
1591,"pretty happy"
1592,"very happy"
1593,"pretty happy"
1594,"pretty happy"
1595,"very happy"
1596,"pretty happy"
1597,"pretty happy"
1598,"pretty happy"
1599,"pretty happy"
1600,"pretty happy"
1601,"very happy"
1602,"very happy"
1603,"pretty happy"
1604,"pretty happy"
1605,"pretty happy"
1606,"pretty happy"
1607,"pretty happy"
1608,"very happy"
1609,"pretty happy"
1610,"pretty happy"
1611,"very happy"
1612,"pretty happy"
1613,"pretty happy"
1614,"pretty happy"
1615,"pretty happy"
1616,"pretty happy"
1617,"very happy"
1618,"pretty happy"
1619,"pretty happy"
1620,"very happy"
1621,"very happy"
1622,"pretty happy"
1623,"pretty happy"
1624,"very happy"
1625,"pretty happy"
1626,"pretty happy"
1627,"pretty happy"
1628,"very happy"
1629,"pretty happy"
1630,"very happy"
1631,"very happy"
1632,"pretty happy"
1633,"pretty happy"
1634,"pretty happy"
1635,"pretty happy"
1636,"pretty happy"
1637,"very happy"
1638,"very happy"
1639,"very happy"
1640,"pretty happy"
1641,"pretty happy"
1642,"very happy"
1643,"pretty happy"
1644,"pretty happy"
1645,"pretty happy"
1646,"very happy"
1647,"pretty happy"
1648,"pretty happy"
1649,"pretty happy"
1650,"pretty happy"
1651,"pretty happy"
1652,"pretty happy"
1653,"pretty happy"
1654,"very happy"
1655,"pretty happy"
1656,"pretty happy"
1657,"very happy"
1658,"pretty happy"
1659,"pretty happy"
1660,"pretty happy"
1661,"pretty happy"
1662,"pretty happy"
1663,"pretty happy"
1664,"pretty happy"
1665,"very happy"
1666,"pretty happy"
1667,"pretty happy"
1668,"pretty happy"
1669,"very happy"
1670,"pretty happy"
1671,"pretty happy"
1672,"very happy"
1673,"pretty happy"
1674,"pretty happy"
1675,"pretty happy"
1676,"pretty happy"
1677,"very happy"
1678,"pretty happy"
1679,"pretty happy"
1680,"pretty happy"
1681,"pretty happy"
1682,"pretty happy"
1683,"very happy"
1684,"pretty happy"
1685,"very happy"
1686,"pretty happy"
1687,"pretty happy"
1688,"pretty happy"
1689,"pretty happy"
1690,"pretty happy"
1691,"pretty happy"
1692,"pretty happy"
1693,"pretty happy"
1694,"pretty happy"
1695,"pretty happy"
1696,"pretty happy"
1697,"pretty happy"
1698,"pretty happy"
1699,"very happy"
1700,"pretty happy"
1701,"pretty happy"
1702,"very happy"
1703,"pretty happy"
1704,"pretty happy"
1705,"very happy"
1706,"pretty happy"
1707,"pretty happy"
1708,"pretty happy"
1709,"pretty happy"
1710,"pretty happy"
1711,"pretty happy"
1712,"very happy"
1713,"pretty happy"
1714,"very happy"
1715,"very happy"
1716,"pretty happy"
1717,"pretty happy"
1718,"pretty happy"
1719,"very happy"
1720,"pretty happy"
1721,"pretty happy"
1722,"pretty happy"
1723,"pretty happy"
1724,"very happy"
1725,"pretty happy"
1726,"very happy"
1727,"pretty happy"
1728,"pretty happy"
1729,"very happy"
1730,"very happy"
1731,"pretty happy"
1732,"pretty happy"
1733,"pretty happy"
1734,"pretty happy"
1735,"pretty happy"
1736,"pretty happy"
1737,"pretty happy"
1738,"very happy"
1739,"pretty happy"
1740,"very happy"
1741,"pretty happy"
1742,"pretty happy"
1743,"pretty happy"
1744,"very happy"
1745,"pretty happy"
1746,"pretty happy"
1747,"pretty happy"
1748,"pretty happy"
1749,"very happy"
1750,"pretty happy"
1751,"pretty happy"
1752,"pretty happy"
1753,"pretty happy"
1754,"pretty happy"
1755,"pretty happy"
1756,"pretty happy"
1757,"very happy"
1758,"pretty happy"
1759,"pretty happy"
1760,"pretty happy"
1761,"pretty happy"
1762,"pretty happy"
1763,"pretty happy"
1764,"pretty happy"
1765,"pretty happy"
1766,"pretty happy"
1767,"pretty happy"
1768,"pretty happy"
1769,"pretty happy"
1770,"very happy"
1771,"very happy"
1772,"very happy"
1773,"pretty happy"
1774,"pretty happy"
1775,"pretty happy"
1776,"pretty happy"
1777,"pretty happy"
1778,"pretty happy"
1779,"pretty happy"
1780,"pretty happy"
1781,"pretty happy"
1782,"pretty happy"
1783,"very happy"
1784,"pretty happy"
1785,"pretty happy"
1786,"very happy"
1787,"very happy"
1788,"pretty happy"
1789,"pretty happy"
1790,"pretty happy"
1791,"pretty happy"
1792,"pretty happy"
1793,"pretty happy"
1794,"very happy"
1795,"pretty happy"
1796,"very happy"
1797,"very happy"
1798,"very happy"
1799,"pretty happy"
1800,"pretty happy"
1801,"pretty happy"
1802,"pretty happy"
1803,"pretty happy"
1804,"very happy"
1805,"pretty happy"
1806,"pretty happy"
1807,"pretty happy"
1808,"pretty happy"
1809,"pretty happy"
1810,"pretty happy"
1811,"pretty happy"
1812,"pretty happy"
1813,"very happy"
1814,"pretty happy"
1815,"pretty happy"
1816,"very happy"
1817,"pretty happy"
1818,"very happy"
1819,"pretty happy"
1820,"very happy"
1821,"pretty happy"
1822,"pretty happy"
1823,"pretty happy"
1824,"pretty happy"
1825,"pretty happy"
1826,"pretty happy"
1827,"very happy"
1828,"pretty happy"
1829,"very happy"
1830,"pretty happy"
1831,"very happy"
1832,"very happy"
1833,"very happy"
1834,"very happy"
1835,"very happy"
1836,"pretty happy"
1837,"pretty happy"
1838,"very happy"
1839,"pretty happy"
1840,"very happy"
1841,"pretty happy"
1842,"pretty happy"
1843,"very happy"
1844,"pretty happy"
1845,"very happy"
1846,"pretty happy"
1847,"pretty happy"
1848,"pretty happy"
1849,"very happy"
1850,"pretty happy"
1851,"pretty happy"
1852,"very happy"
1853,"very happy"
1854,"very happy"
1855,"pretty happy"
1856,"pretty happy"
1857,"pretty happy"
1858,"pretty happy"
1859,"very happy"
1860,"pretty happy"
1861,"very happy"
1862,"very happy"
1863,"pretty happy"
1864,"pretty happy"
1865,"pretty happy"
1866,"very happy"
1867,"pretty happy"
1868,"very happy"
1869,"pretty happy"
1870,"very happy"
1871,"very happy"
1872,"very happy"
1873,"very happy"
1874,"pretty happy"
1875,"pretty happy"
1876,"pretty happy"
1877,"very happy"
1878,"pretty happy"
1879,"pretty happy"
1880,"pretty happy"
1881,"pretty happy"
1882,"pretty happy"
1883,"pretty happy"
1884,"pretty happy"
1885,"pretty happy"
1886,"pretty happy"
1887,"pretty happy"
1888,"pretty happy"
1889,"pretty happy"
1890,"very happy"
1891,"pretty happy"
1892,"pretty happy"
1893,"pretty happy"
1894,"pretty happy"
1895,"very happy"
1896,"pretty happy"
1897,"very happy"
1898,"pretty happy"
1899,"very happy"
1900,"very happy"
1901,"pretty happy"
1902,"pretty happy"
1903,"pretty happy"
1904,"pretty happy"
1905,"pretty happy"
1906,"very happy"
1907,"pretty happy"
1908,"very happy"
1909,"pretty happy"
1910,"pretty happy"
1911,"pretty happy"
1912,"pretty happy"
1913,"pretty happy"
1914,"pretty happy"
1915,"pretty happy"
1916,"pretty happy"
1917,"pretty happy"
1918,"pretty happy"
1919,"pretty happy"
1920,"pretty happy"
1921,"very happy"
1922,"very happy"
1923,"very happy"
1924,"pretty happy"
1925,"pretty happy"
1926,"pretty happy"
1927,"very happy"
1928,"pretty happy"
1929,"pretty happy"
1930,"pretty happy"
1931,"pretty happy"
1932,"pretty happy"
1933,"pretty happy"
1934,"very happy"
1935,"very happy"
1936,"very happy"
1937,"pretty happy"
1938,"pretty happy"
1939,"pretty happy"
1940,"pretty happy"
1941,"pretty happy"
1942,"pretty happy"
1943,"pretty happy"
1944,"very happy"
1945,"pretty happy"
1946,"pretty happy"
1947,"very happy"
1948,"pretty happy"
1949,"pretty happy"
1950,"pretty happy"
1951,"pretty happy"
1952,"pretty happy"
1953,"very happy"
1954,"pretty happy"
1955,"pretty happy"
1956,"pretty happy"
1957,"pretty happy"
1958,"pretty happy"
1959,"pretty happy"
1960,"pretty happy"
1961,"pretty happy"
1962,"pretty happy"
1963,"very happy"
1964,"very happy"
1965,"pretty happy"
1966,"pretty happy"
1967,"pretty happy"
1968,"very happy"
1969,"pretty happy"
1970,"pretty happy"
1971,"very happy"
1972,"very happy"
1973,"pretty happy"
1974,"pretty happy"
1975,"pretty happy"
1976,"pretty happy"
1977,"pretty happy"
1978,"very happy"
1979,"pretty happy"
1980,"pretty happy"
1981,"very happy"
1982,"pretty happy"
1983,"very happy"
1984,"pretty happy"
1985,"pretty happy"
1986,"pretty happy"
1987,"pretty happy"
1988,"pretty happy"
1989,"pretty happy"
1990,"very happy"
1991,"pretty happy"
1992,"pretty happy"
1993,"pretty happy"
1994,"pretty happy"
1995,"pretty happy"
1996,"very happy"
1997,"very happy"
1998,"pretty happy"
1999,"pretty happy"
2000,"pretty happy"
2001,"very happy"
2002,"pretty happy"
2003,"very happy"
2004,"pretty happy"
2005,"very happy"
2006,"pretty happy"
2007,"very happy"
2008,"very happy"
2009,"very happy"
2010,"pretty happy"
2011,"pretty happy"
2012,"very happy"
2013,"very happy"
2014,"very happy"
2015,"pretty happy"
2016,"pretty happy"
2017,"pretty happy"
2018,"pretty happy"
2019,"pretty happy"
2020,"very happy"
2021,"very happy"
2022,"pretty happy"
2023,"very happy"
2024,"pretty happy"
2025,"very happy"
2026,"pretty happy"
2027,"pretty happy"
2028,"pretty happy"
2029,"pretty happy"
2030,"pretty happy"
2031,"pretty happy"
2032,"pretty happy"
2033,"pretty happy"
2034,"pretty happy"
2035,"very happy"
2036,"pretty happy"
2037,"pretty happy"
2038,"pretty happy"
2039,"pretty happy"
2040,"pretty happy"
2041,"pretty happy"
2042,"pretty happy"
2043,"pretty happy"
2044,"very happy"
2045,"pretty happy"
2046,"very happy"
2047,"pretty happy"
2048,"pretty happy"
2049,"very happy"
2050,"pretty happy"
2051,"very happy"
2052,"pretty happy"
2053,"pretty happy"
2054,"pretty happy"
2055,"very happy"
2056,"pretty happy"
2057,"pretty happy"
2058,"very happy"
2059,"pretty happy"
2060,"pretty happy"
2061,"very happy"
2062,"pretty happy"
2063,"very happy"
2064,"very happy"
2065,"pretty happy"
2066,"pretty happy"
2067,"pretty happy"
2068,"very happy"
2069,"pretty happy"
2070,"pretty happy"
2071,"pretty happy"
2072,"pretty happy"
2073,"very happy"
2074,"very happy"
2075,"pretty happy"
2076,"pretty happy"
2077,"pretty happy"
2078,"very happy"
2079,"pretty happy"
2080,"pretty happy"
2081,"very happy"
2082,"very happy"
2083,"pretty happy"
2084,"pretty happy"
2085,"very happy"
2086,"very happy"
2087,"very happy"
2088,"very happy"
2089,"pretty happy"
2090,"pretty happy"
2091,"pretty happy"
2092,"pretty happy"
2093,"pretty happy"
2094,"pretty happy"
2095,"pretty happy"
2096,"pretty happy"
2097,"pretty happy"
2098,"very happy"
2099,"pretty happy"
2100,"very happy"
2101,"pretty happy"
2102,"very happy"
2103,"pretty happy"
2104,"very happy"
2105,"very happy"
2106,"pretty happy"
2107,"very happy"
2108,"very happy"
2109,"pretty happy"
2110,"pretty happy"
2111,"pretty happy"
2112,"very happy"
2113,"pretty happy"
2114,"very happy"
2115,"pretty happy"
2116,"pretty happy"
2117,"pretty happy"
2118,"very happy"
2119,"pretty happy"
2120,"pretty happy"
2121,"very happy"
2122,"pretty happy"
2123,"pretty happy"
2124,"pretty happy"
2125,"very happy"
2126,"pretty happy"
2127,"pretty happy"
2128,"pretty happy"
2129,"pretty happy"
2130,"pretty happy"
2131,"very happy"
2132,"pretty happy"
2133,"pretty happy"
2134,"pretty happy"
2135,"pretty happy"
2136,"pretty happy"
2137,"very happy"
2138,"pretty happy"
2139,"pretty happy"
2140,"pretty happy"
2141,"pretty happy"
2142,"pretty happy"
2143,"very happy"
2144,"very happy"
2145,"pretty happy"
2146,"pretty happy"
2147,"pretty happy"
2148,"pretty happy"
2149,"pretty happy"
2150,"very happy"
2151,"pretty happy"
2152,"pretty happy"
2153,"very happy"
2154,"pretty happy"
2155,"pretty happy"
2156,"pretty happy"
2157,"pretty happy"
2158,"pretty happy"
2159,"very happy"
2160,"pretty happy"
2161,"pretty happy"
2162,"pretty happy"
2163,"very happy"
2164,"pretty happy"
2165,"pretty happy"
2166,"pretty happy"
2167,"pretty happy"
2168,"very happy"
2169,"pretty happy"
2170,"pretty happy"
2171,"pretty happy"
2172,"pretty happy"
2173,"pretty happy"
2174,"pretty happy"
2175,"pretty happy"
2176,"pretty happy"
2177,"very happy"
2178,"very happy"
2179,"pretty happy"
2180,"pretty happy"
2181,"pretty happy"
2182,"pretty happy"
2183,"pretty happy"
2184,"pretty happy"
2185,"pretty happy"
2186,"pretty happy"
2187,"very happy"
2188,"pretty happy"
2189,"very happy"
2190,"pretty happy"
2191,"pretty happy"
2192,"pretty happy"
2193,"pretty happy"
2194,"very happy"
2195,"pretty happy"
2196,"very happy"
2197,"pretty happy"
2198,"pretty happy"
2199,"pretty happy"
2200,"pretty happy"
2201,"very happy"
2202,"pretty happy"
2203,"very happy"
2204,"pretty happy"
2205,"pretty happy"
2206,"pretty happy"
2207,"pretty happy"
2208,"pretty happy"
2209,"very happy"
2210,"pretty happy"
2211,"very happy"
2212,"pretty happy"
2213,"pretty happy"
2214,"pretty happy"
2215,"very happy"
2216,"pretty happy"
2217,"pretty happy"
2218,"pretty happy"
2219,"pretty happy"
2220,"pretty happy"
2221,"pretty happy"
2222,"pretty happy"
2223,"pretty happy"
2224,"very happy"
2225,"very happy"
2226,"pretty happy"
2227,"pretty happy"
2228,"pretty happy"
2229,"pretty happy"
2230,"pretty happy"
2231,"pretty happy"
2232,"pretty happy"
2233,"pretty happy"
2234,"very happy"
2235,"very happy"
2236,"very happy"
2237,"pretty happy"
2238,"pretty happy"
2239,"pretty happy"
2240,"pretty happy"
2241,"pretty happy"
2242,"pretty happy"
2243,"pretty happy"
2244,"very happy"
2245,"pretty happy"
2246,"pretty happy"
2247,"pretty happy"
2248,"pretty happy"
2249,"pretty happy"
2250,"very happy"
2251,"pretty happy"
2252,"pretty happy"
2253,"pretty happy"
2254,"pretty happy"
2255,"pretty happy"
2256,"pretty happy"
2257,"pretty happy"
2258,"pretty happy"
2259,"very happy"
2260,"very happy"
2261,"very happy"
2262,"very happy"
2263,"very happy"
2264,"pretty happy"
2265,"pretty happy"
2266,"very happy"
2267,"very happy"
2268,"very happy"
2269,"very happy"
2270,"pretty happy"
2271,"pretty happy"
2272,"pretty happy"
2273,"pretty happy"
2274,"pretty happy"
2275,"pretty happy"
2276,"pretty happy"
2277,"very happy"
2278,"very happy"
2279,"pretty happy"
2280,"very happy"
2281,"very happy"
2282,"very happy"
2283,"pretty happy"
2284,"very happy"
2285,"pretty happy"
2286,"pretty happy"
2287,"pretty happy"
2288,"very happy"
2289,"very happy"
2290,"pretty happy"
2291,"pretty happy"
2292,"very happy"
2293,"very happy"
2294,"pretty happy"
2295,"pretty happy"
2296,"pretty happy"
2297,"pretty happy"
2298,"very happy"
2299,"pretty happy"
2300,"pretty happy"
2301,"pretty happy"
2302,"pretty happy"
2303,"pretty happy"
2304,"pretty happy"
2305,"very happy"
2306,"very happy"
2307,"very happy"
2308,"pretty happy"
2309,"very happy"
2310,"pretty happy"
2311,"pretty happy"
2312,"very happy"
2313,"pretty happy"
2314,"pretty happy"
2315,"pretty happy"
2316,"pretty happy"
2317,"pretty happy"
2318,"very happy"
2319,"pretty happy"
2320,"pretty happy"
2321,"pretty happy"
2322,"very happy"
2323,"pretty happy"
2324,"pretty happy"
2325,"very happy"
2326,"pretty happy"
2327,"pretty happy"
2328,"pretty happy"
2329,"pretty happy"
2330,"pretty happy"
2331,"pretty happy"
2332,"pretty happy"
2333,"very happy"
2334,"very happy"
2335,"very happy"
2336,"pretty happy"
2337,"pretty happy"
2338,"pretty happy"
2339,"pretty happy"
2340,"pretty happy"
2341,"pretty happy"
2342,"very happy"
2343,"pretty happy"
2344,"pretty happy"
2345,"pretty happy"
2346,"pretty happy"
2347,"pretty happy"
2348,"very happy"
2349,"pretty happy"
2350,"very happy"
2351,"very happy"
2352,"very happy"
2353,"pretty happy"
2354,"pretty happy"
2355,"very happy"
2356,"pretty happy"
2357,"very happy"
2358,"pretty happy"
2359,"very happy"
2360,"pretty happy"
2361,"pretty happy"
2362,"pretty happy"
2363,"pretty happy"
2364,"very happy"
2365,"pretty happy"
2366,"very happy"
2367,"pretty happy"
2368,"very happy"
2369,"pretty happy"
2370,"pretty happy"
2371,"pretty happy"
2372,"very happy"
2373,"pretty happy"
2374,"very happy"
2375,"pretty happy"
2376,"very happy"
2377,"pretty happy"
2378,"pretty happy"
2379,"very happy"
2380,"pretty happy"
2381,"pretty happy"
2382,"pretty happy"
2383,"pretty happy"
2384,"pretty happy"
2385,"pretty happy"
2386,"pretty happy"
2387,"pretty happy"
2388,"pretty happy"
2389,"pretty happy"
2390,"pretty happy"
2391,"pretty happy"
2392,"pretty happy"
2393,"very happy"
2394,"very happy"
2395,"pretty happy"
2396,"pretty happy"
2397,"pretty happy"
2398,"pretty happy"
2399,"very happy"
2400,"pretty happy"
2401,"pretty happy"
2402,"pretty happy"
2403,"pretty happy"
2404,"pretty happy"
2405,"pretty happy"
2406,"pretty happy"
2407,"pretty happy"
2408,"very happy"
2409,"pretty happy"
2410,"pretty happy"
2411,"pretty happy"
2412,"pretty happy"
2413,"pretty happy"
2414,"pretty happy"
2415,"pretty happy"
2416,"pretty happy"
2417,"pretty happy"
2418,"pretty happy"
2419,"pretty happy"
2420,"very happy"
2421,"very happy"
2422,"very happy"
2423,"pretty happy"
2424,"pretty happy"
2425,"very happy"
2426,"pretty happy"
2427,"pretty happy"
2428,"pretty happy"
2429,"very happy"
2430,"pretty happy"
2431,"pretty happy"
2432,"very happy"
2433,"pretty happy"
2434,"pretty happy"
2435,"very happy"
2436,"pretty happy"
2437,"pretty happy"
2438,"very happy"
2439,"very happy"
2440,"pretty happy"
2441,"pretty happy"
2442,"pretty happy"
2443,"pretty happy"
2444,"pretty happy"
2445,"pretty happy"
2446,"very happy"
2447,"pretty happy"
2448,"pretty happy"
2449,"very happy"
2450,"pretty happy"
2451,"pretty happy"
2452,"pretty happy"
2453,"very happy"
2454,"pretty happy"
2455,"very happy"
2456,"pretty happy"
2457,"pretty happy"
2458,"pretty happy"
2459,"very happy"
2460,"pretty happy"
2461,"pretty happy"
2462,"pretty happy"
2463,"very happy"
2464,"pretty happy"
2465,"pretty happy"
2466,"very happy"
2467,"very happy"
2468,"pretty happy"
2469,"pretty happy"
2470,"pretty happy"
2471,"very happy"
2472,"pretty happy"
2473,"pretty happy"
2474,"very happy"
2475,"pretty happy"
2476,"pretty happy"
2477,"very happy"
2478,"pretty happy"
2479,"pretty happy"
2480,"pretty happy"
2481,"pretty happy"
2482,"pretty happy"
2483,"pretty happy"
2484,"pretty happy"
2485,"very happy"
2486,"very happy"
2487,"very happy"
2488,"very happy"
2489,"pretty happy"
2490,"pretty happy"
2491,"pretty happy"
2492,"pretty happy"
2493,"pretty happy"
2494,"pretty happy"
2495,"pretty happy"
2496,"pretty happy"
2497,"very happy"
2498,"pretty happy"
2499,"very happy"
2500,"pretty happy"
2501,"very happy"
2502,"pretty happy"
2503,"pretty happy"
2504,"pretty happy"
2505,"pretty happy"
2506,"very happy"
2507,"pretty happy"
2508,"pretty happy"
2509,"pretty happy"
2510,"pretty happy"
2511,"pretty happy"
2512,"very happy"
2513,"pretty happy"
2514,"pretty happy"
2515,"very happy"
2516,"pretty happy"
2517,"very happy"
2518,"pretty happy"
2519,"pretty happy"
2520,"pretty happy"
2521,"pretty happy"
2522,"pretty happy"
2523,"very happy"
2524,"pretty happy"
2525,"very happy"
2526,"very happy"
2527,"pretty happy"
2528,"pretty happy"
2529,"pretty happy"
2530,"pretty happy"
2531,"pretty happy"
2532,"pretty happy"
2533,"pretty happy"
2534,"pretty happy"
2535,"pretty happy"
2536,"pretty happy"
2537,"pretty happy"
2538,"pretty happy"
2539,"pretty happy"
2540,"very happy"
2541,"pretty happy"
2542,"pretty happy"
2543,"pretty happy"
2544,"pretty happy"
2545,"very happy"
2546,"very happy"
2547,"pretty happy"
2548,"pretty happy"
2549,"pretty happy"
2550,"very happy"
2551,"pretty happy"
2552,"very happy"
2553,"pretty happy"
2554,"pretty happy"
2555,"pretty happy"
2556,"pretty happy"
2557,"very happy"
2558,"pretty happy"
2559,"pretty happy"
2560,"pretty happy"
2561,"pretty happy"
2562,"very happy"
2563,"very happy"
2564,"very happy"
2565,"pretty happy"
2566,"pretty happy"
2567,"pretty happy"
2568,"very happy"
2569,"pretty happy"
2570,"pretty happy"
2571,"very happy"
2572,"pretty happy"
2573,"very happy"
2574,"very happy"
2575,"very happy"
2576,"pretty happy"
2577,"pretty happy"
2578,"very happy"
2579,"pretty happy"
2580,"pretty happy"
2581,"pretty happy"
2582,"very happy"
2583,"pretty happy"
2584,"pretty happy"
2585,"pretty happy"
2586,"pretty happy"
2587,"pretty happy"
2588,"very happy"
2589,"very happy"
2590,"pretty happy"
2591,"pretty happy"
2592,"pretty happy"
2593,"pretty happy"
2594,"very happy"
2595,"pretty happy"
2596,"pretty happy"
2597,"very happy"
2598,"pretty happy"
2599,"pretty happy"
2600,"pretty happy"
2601,"pretty happy"
2602,"very happy"
2603,"pretty happy"
2604,"very happy"
2605,"pretty happy"
2606,"pretty happy"
2607,"pretty happy"
2608,"pretty happy"
2609,"pretty happy"
2610,"pretty happy"
2611,"very happy"
2612,"pretty happy"
2613,"pretty happy"
2614,"pretty happy"
2615,"very happy"
2616,"very happy"
2617,"pretty happy"
2618,"pretty happy"
2619,"pretty happy"
2620,"pretty happy"
2621,"very happy"
